-- MySQL dump 10.13  Distrib 5.5.27, for Win64 (x86)
--
-- Host: localhost    Database: mvcdemo
-- ------------------------------------------------------
-- Server version	5.5.27

/*!40101 SET @OLD_CHARACTER_SET_CLIENT=@@CHARACTER_SET_CLIENT */;
/*!40101 SET @OLD_CHARACTER_SET_RESULTS=@@CHARACTER_SET_RESULTS */;
/*!40101 SET @OLD_COLLATION_CONNECTION=@@COLLATION_CONNECTION */;
/*!40101 SET NAMES utf8 */;
/*!40103 SET @OLD_TIME_ZONE=@@TIME_ZONE */;
/*!40103 SET TIME_ZONE='+00:00' */;
/*!40014 SET @OLD_UNIQUE_CHECKS=@@UNIQUE_CHECKS, UNIQUE_CHECKS=0 */;
/*!40014 SET @OLD_FOREIGN_KEY_CHECKS=@@FOREIGN_KEY_CHECKS, FOREIGN_KEY_CHECKS=0 */;
/*!40101 SET @OLD_SQL_MODE=@@SQL_MODE, SQL_MODE='NO_AUTO_VALUE_ON_ZERO' */;
/*!40111 SET @OLD_SQL_NOTES=@@SQL_NOTES, SQL_NOTES=0 */;

--
-- Current Database: `mvcdemo`
--

CREATE DATABASE /*!32312 IF NOT EXISTS*/ `mvcdemo` /*!40100 DEFAULT CHARACTER SET utf8 */;

USE `mvcdemo`;

--
-- Table structure for table `course`
--

DROP TABLE IF EXISTS `course`;
/*!40101 SET @saved_cs_client     = @@character_set_client */;
/*!40101 SET character_set_client = utf8 */;
CREATE TABLE `course` (
  `id` int(11) NOT NULL AUTO_INCREMENT COMMENT '编号',
  `sequence` char(7) NOT NULL COMMENT '课程编号',
  `name` varchar(20) NOT NULL COMMENT '课程名称',
  `py` varchar(20) DEFAULT NULL COMMENT '拼音码',
  `nature` char(5) NOT NULL COMMENT '课程性质',
  `credits` float(2,1) NOT NULL COMMENT '学分',
  `hours` int(11) NOT NULL COMMENT '总学时',
  PRIMARY KEY (`id`)
) ENGINE=InnoDB AUTO_INCREMENT=14 DEFAULT CHARSET=utf8 COMMENT='课程库（基本表）';
/*!40101 SET character_set_client = @saved_cs_client */;

--
-- Dumping data for table `course`
--

LOCK TABLES `course` WRITE;
/*!40000 ALTER TABLE `course` DISABLE KEYS */;
INSERT INTO `course` VALUES (1,'L101101','数据库原理','SJKYL','专业必修课',2.0,64),(2,'L101102','操作系统','CZXT','专业必修课',3.0,56),(3,'L101103','大学计算机基础','DXJSJJC','综合教育课',3.0,48),(4,'A101101','统计学原理','TJXYL','专业必修课',3.5,64),(5,'A101102','财务会计','CWKJ','专业选修课',2.5,40),(6,'A101103','西方经济学','XFJJX','综合教育课',3.0,32),(7,'A101104','高等数学','GDSX','综合教育课',3.0,56),(8,'A101105','大学物理','DXWL','专业选修课',3.0,48),(9,'A101106','概率论','GLL','专业必修课',2.0,64),(10,'K101101','审计学原理','SJXYL','综合教育课',2.5,64),(11,'K101102','人力资源管理','RLZYGL','专业必修课',3.0,40),(12,'K101103','马克思经济学','MKSJJX','专业必修课',2.0,48),(13,'K101104','电子商务概论','DZSWGL','专业选修课',3.0,56);
/*!40000 ALTER TABLE `course` ENABLE KEYS */;
UNLOCK TABLES;

--
-- Table structure for table `score`
--

DROP TABLE IF EXISTS `score`;
/*!40101 SET @saved_cs_client     = @@character_set_client */;
/*!40101 SET character_set_client = utf8 */;
CREATE TABLE `score` (
  `id` int(11) NOT NULL AUTO_INCREMENT COMMENT '编号',
  `studentId` int(11) NOT NULL COMMENT '学生Id：对应student表的Id',
  `teacherId` int(11) NOT NULL COMMENT '教师id：对应teacher表的Id',
  `courseId` int(11) NOT NULL COMMENT '课程：对应course表的Id',
  `score` float(4,1) DEFAULT NULL COMMENT '分数',
  `term` char(12) NOT NULL COMMENT '学期：2000-2001-01',
  `state` char(2) DEFAULT '正常' COMMENT '考试状态：正常;缺考;缓考;违纪;作弊',
  `memo` varchar(255) DEFAULT NULL COMMENT '备注：说明描述',
  PRIMARY KEY (`id`),
  KEY `studentId` (`studentId`),
  KEY `teacherId` (`teacherId`),
  KEY `courseId` (`courseId`)
) ENGINE=InnoDB AUTO_INCREMENT=760 DEFAULT CHARSET=utf8 COMMENT='选课成绩表（n:m关联表）';
/*!40101 SET character_set_client = @saved_cs_client */;

--
-- Dumping data for table `score`
--

LOCK TABLES `score` WRITE;
/*!40000 ALTER TABLE `score` DISABLE KEYS */;
INSERT INTO `score` VALUES (1,1,10,3,93.0,'2009-2010-01','正常',''),(2,2,10,3,79.0,'2009-2010-01','正常',''),(3,3,10,3,NULL,'2009-2010-01','缺考',''),(4,4,10,3,83.0,'2009-2010-01','正常',''),(5,5,10,3,66.0,'2009-2010-01','正常',''),(6,6,10,3,76.0,'2009-2010-01','正常',''),(7,7,10,3,46.0,'2009-2010-01','正常',''),(8,8,10,3,92.0,'2009-2010-01','正常',''),(9,9,10,3,64.0,'2009-2010-01','正常',''),(10,10,10,3,63.0,'2009-2010-01','正常',''),(11,11,10,3,94.0,'2009-2010-01','正常',''),(12,12,10,3,91.0,'2009-2010-01','正常',''),(13,13,10,3,70.0,'2009-2010-01','正常',''),(14,14,10,3,48.0,'2009-2010-01','正常',''),(15,15,10,3,92.0,'2009-2010-01','正常',''),(16,16,10,3,51.0,'2009-2010-01','正常',''),(17,17,10,3,55.0,'2009-2010-01','正常',''),(18,18,10,3,54.0,'2009-2010-01','正常',''),(19,19,10,3,59.0,'2009-2010-01','正常',''),(20,20,10,3,60.0,'2009-2010-01','正常',''),(21,21,10,3,45.0,'2009-2010-01','正常',''),(22,22,10,3,94.0,'2009-2010-01','正常',''),(23,23,10,3,65.0,'2009-2010-01','正常',''),(24,24,10,3,83.0,'2009-2010-01','正常',''),(25,25,10,3,NULL,'2009-2010-01','免考','已修过该课程'),(26,26,10,3,46.0,'2009-2010-01','正常',''),(27,27,10,3,70.0,'2009-2010-01','正常',''),(28,28,10,3,60.0,'2009-2010-01','正常',''),(29,29,10,3,72.0,'2009-2010-01','正常',''),(30,30,10,3,61.0,'2009-2010-01','正常',''),(31,31,10,3,76.0,'2009-2010-01','正常',''),(32,32,10,3,78.0,'2009-2010-01','正常',''),(33,33,10,3,55.0,'2009-2010-01','正常',''),(34,34,10,3,64.0,'2009-2010-01','正常',''),(35,35,10,3,89.0,'2009-2010-01','正常',''),(36,36,10,3,46.0,'2009-2010-01','正常',''),(37,37,10,3,47.0,'2009-2010-01','正常',''),(38,38,10,3,71.0,'2009-2010-01','正常',''),(39,39,10,3,89.0,'2009-2010-01','正常',''),(40,40,10,3,82.0,'2009-2010-01','正常',''),(41,41,10,3,90.0,'2009-2010-01','正常',''),(42,42,10,3,90.0,'2009-2010-01','正常',''),(43,43,10,3,64.0,'2009-2010-01','正常',''),(44,44,10,3,59.0,'2009-2010-01','正常',''),(45,45,10,3,80.0,'2009-2010-01','正常',''),(46,46,10,3,54.0,'2009-2010-01','正常',''),(47,47,10,3,82.0,'2009-2010-01','正常',''),(48,48,10,3,93.0,'2009-2010-01','正常',''),(49,49,10,3,93.0,'2009-2010-01','正常',''),(50,50,10,3,64.0,'2009-2010-01','正常',''),(51,51,10,3,80.0,'2009-2010-01','正常',''),(52,52,10,3,66.0,'2009-2010-01','正常',''),(53,53,10,3,50.0,'2009-2010-01','正常',''),(54,54,10,3,68.0,'2009-2010-01','正常',''),(55,55,10,3,91.0,'2009-2010-01','正常',''),(56,56,10,3,76.0,'2009-2010-01','正常',''),(57,57,10,3,94.0,'2009-2010-01','正常',''),(58,58,10,3,51.0,'2009-2010-01','正常',''),(59,59,10,3,46.0,'2009-2010-01','正常',''),(60,60,10,3,91.0,'2009-2010-01','正常',''),(61,61,10,3,66.0,'2009-2010-01','正常',''),(62,62,10,3,NULL,'2009-2010-01','缓考','生病住院'),(63,63,10,3,83.0,'2009-2010-01','正常',''),(64,64,10,3,63.0,'2009-2010-01','正常',''),(65,65,10,3,90.0,'2009-2010-01','正常',''),(66,66,10,3,78.0,'2009-2010-01','正常',''),(67,67,10,3,48.0,'2009-2010-01','正常',''),(68,68,10,3,74.0,'2009-2010-01','正常',''),(69,69,10,3,47.0,'2009-2010-01','正常',''),(70,1,12,7,56.0,'2009-2010-01','正常',''),(71,2,12,7,61.0,'2009-2010-01','正常',''),(72,3,12,7,53.0,'2009-2010-01','正常',''),(73,4,12,7,47.0,'2009-2010-01','正常',''),(74,5,12,7,93.0,'2009-2010-01','正常',''),(75,6,12,7,95.0,'2009-2010-01','正常',''),(76,7,12,7,73.0,'2009-2010-01','正常',''),(77,8,12,7,77.0,'2009-2010-01','正常',''),(78,9,12,7,59.0,'2009-2010-01','正常',''),(79,10,12,7,83.0,'2009-2010-01','正常',''),(80,11,12,7,50.0,'2009-2010-01','正常',''),(81,12,12,7,82.0,'2009-2010-01','正常',''),(82,13,12,7,69.0,'2009-2010-01','正常',''),(83,14,12,7,82.0,'2009-2010-01','正常',''),(84,15,12,7,66.0,'2009-2010-01','正常',''),(85,16,12,7,61.0,'2009-2010-01','正常',''),(86,17,12,7,54.0,'2009-2010-01','正常',''),(87,18,12,7,81.0,'2009-2010-01','正常',''),(88,19,12,7,46.0,'2009-2010-01','正常',''),(89,20,12,7,83.0,'2009-2010-01','正常',''),(90,21,12,7,91.0,'2009-2010-01','正常',''),(91,22,12,7,54.0,'2009-2010-01','正常',''),(92,23,12,7,55.0,'2009-2010-01','正常',''),(93,24,12,7,68.0,'2009-2010-01','正常',''),(94,25,12,7,57.0,'2009-2010-01','正常',''),(95,26,12,7,70.0,'2009-2010-01','正常',''),(96,27,12,7,93.0,'2009-2010-01','正常',''),(97,28,12,7,48.0,'2009-2010-01','正常',''),(98,29,12,7,48.0,'2009-2010-01','正常',''),(99,30,12,7,77.0,'2009-2010-01','正常',''),(100,31,12,7,73.0,'2009-2010-01','正常',''),(101,32,12,7,86.0,'2009-2010-01','正常',''),(102,33,12,7,52.0,'2009-2010-01','正常',''),(103,34,12,7,60.0,'2009-2010-01','正常',''),(104,35,12,7,79.0,'2009-2010-01','正常',''),(105,36,12,7,87.0,'2009-2010-01','正常',''),(106,37,12,7,NULL,'2009-2010-01','缺考',''),(107,38,12,7,69.0,'2009-2010-01','正常',''),(108,39,12,7,50.0,'2009-2010-01','正常',''),(109,40,12,7,93.0,'2009-2010-01','正常',''),(110,41,12,7,56.0,'2009-2010-01','正常',''),(111,42,12,7,78.0,'2009-2010-01','正常',''),(112,43,12,7,87.0,'2009-2010-01','正常',''),(113,44,12,7,59.0,'2009-2010-01','正常',''),(114,45,12,7,64.0,'2009-2010-01','正常',''),(115,46,12,7,91.0,'2009-2010-01','正常',''),(116,47,12,7,56.0,'2009-2010-01','正常',''),(117,48,12,7,71.0,'2009-2010-01','正常',''),(118,49,12,7,82.0,'2009-2010-01','正常',''),(119,50,12,7,48.0,'2009-2010-01','正常',''),(120,51,12,7,52.0,'2009-2010-01','正常',''),(121,52,12,7,67.0,'2009-2010-01','正常',''),(122,53,12,7,53.0,'2009-2010-01','正常',''),(123,54,12,7,92.0,'2009-2010-01','正常',''),(124,55,12,7,82.0,'2009-2010-01','正常',''),(125,56,12,7,NULL,'2009-2010-01','违纪','携带手机'),(126,57,12,7,60.0,'2009-2010-01','正常',''),(127,58,12,7,88.0,'2009-2010-01','正常',''),(128,59,12,7,66.0,'2009-2010-01','正常',''),(129,60,12,7,72.0,'2009-2010-01','正常',''),(130,61,12,7,84.0,'2009-2010-01','正常',''),(131,62,12,7,84.0,'2009-2010-01','正常',''),(132,63,12,7,79.0,'2009-2010-01','正常',''),(133,64,12,7,49.0,'2009-2010-01','正常',''),(134,65,12,7,58.0,'2009-2010-01','正常',''),(135,66,12,7,66.0,'2009-2010-01','正常',''),(136,67,12,7,50.0,'2009-2010-01','正常',''),(137,68,12,7,49.0,'2009-2010-01','正常',''),(138,69,12,7,78.0,'2009-2010-01','正常',''),(139,1,13,8,83.0,'2009-2010-02','正常',''),(140,2,13,8,67.0,'2009-2010-02','正常',''),(141,3,13,8,64.0,'2009-2010-02','正常',''),(142,4,13,8,88.0,'2009-2010-02','正常',''),(143,5,13,8,93.0,'2009-2010-02','正常',''),(144,6,13,8,73.0,'2009-2010-02','正常',''),(145,7,13,8,72.0,'2009-2010-02','正常',''),(146,8,13,8,81.0,'2009-2010-02','正常',''),(147,9,13,8,100.0,'2009-2010-02','正常',''),(148,10,13,8,64.0,'2009-2010-02','正常',''),(149,11,13,8,89.0,'2009-2010-02','正常',''),(150,12,13,8,81.0,'2009-2010-02','正常',''),(151,13,13,8,61.0,'2009-2010-02','正常',''),(152,14,13,8,80.0,'2009-2010-02','正常',''),(153,15,13,8,88.0,'2009-2010-02','正常',''),(154,16,13,8,48.0,'2009-2010-02','正常',''),(155,17,13,8,90.0,'2009-2010-02','正常',''),(156,18,13,8,55.0,'2009-2010-02','正常',''),(157,19,13,8,47.0,'2009-2010-02','正常',''),(158,20,13,8,86.0,'2009-2010-02','正常',''),(159,21,13,8,54.0,'2009-2010-02','正常',''),(160,22,13,8,68.0,'2009-2010-02','正常',''),(161,23,13,8,73.0,'2009-2010-02','正常',''),(162,24,13,8,47.0,'2009-2010-02','正常',''),(163,25,13,8,61.0,'2009-2010-02','正常',''),(164,26,13,8,86.0,'2009-2010-02','正常',''),(165,27,13,8,80.0,'2009-2010-02','正常',''),(166,28,13,8,54.0,'2009-2010-02','正常',''),(167,29,13,8,80.0,'2009-2010-02','正常',''),(168,30,13,8,72.0,'2009-2010-02','正常',''),(169,31,13,8,47.0,'2009-2010-02','正常',''),(170,32,13,8,76.0,'2009-2010-02','正常',''),(171,33,13,8,88.0,'2009-2010-02','正常',''),(172,34,13,8,84.0,'2009-2010-02','正常',''),(173,35,13,8,55.0,'2009-2010-02','正常',''),(174,36,13,8,92.0,'2009-2010-02','正常',''),(175,37,13,8,85.0,'2009-2010-02','正常',''),(176,38,13,8,83.0,'2009-2010-02','正常',''),(177,39,13,8,51.0,'2009-2010-02','正常',''),(178,40,13,8,88.0,'2009-2010-02','正常',''),(179,41,13,8,64.0,'2009-2010-02','正常',''),(180,42,13,8,54.0,'2009-2010-02','正常',''),(181,43,13,8,63.0,'2009-2010-02','正常',''),(182,44,13,8,65.0,'2009-2010-02','正常',''),(183,45,13,8,64.0,'2009-2010-02','正常',''),(184,46,13,8,89.0,'2009-2010-02','正常',''),(185,47,13,8,95.0,'2009-2010-02','正常',''),(186,48,13,8,70.0,'2009-2010-02','正常',''),(187,49,13,8,63.0,'2009-2010-02','正常',''),(188,50,13,8,71.0,'2009-2010-02','正常',''),(189,51,13,8,67.0,'2009-2010-02','正常',''),(190,52,13,8,68.0,'2009-2010-02','正常',''),(191,53,13,8,83.0,'2009-2010-02','正常',''),(192,54,13,8,54.0,'2009-2010-02','正常',''),(193,55,13,8,67.0,'2009-2010-02','正常',''),(194,56,13,8,74.0,'2009-2010-02','正常',''),(195,57,13,8,66.0,'2009-2010-02','正常',''),(196,58,13,8,80.0,'2009-2010-02','正常',''),(197,59,13,8,68.0,'2009-2010-02','正常',''),(198,60,13,8,63.0,'2009-2010-02','正常',''),(199,61,13,8,77.0,'2009-2010-02','正常',''),(200,62,13,8,90.0,'2009-2010-02','正常',''),(201,63,13,8,57.0,'2009-2010-02','正常',''),(202,64,13,8,60.0,'2009-2010-02','正常',''),(203,65,13,8,93.0,'2009-2010-02','正常',''),(204,66,13,8,53.0,'2009-2010-02','正常',''),(205,67,13,8,52.0,'2009-2010-02','正常',''),(206,68,13,8,73.0,'2009-2010-02','正常',''),(207,69,13,8,92.0,'2009-2010-02','正常',''),(208,1,14,9,64.0,'2009-2010-02','正常',''),(209,2,14,9,60.0,'2009-2010-02','正常',''),(210,3,14,9,64.0,'2009-2010-02','正常',''),(211,4,14,9,45.0,'2009-2010-02','正常',''),(212,5,14,9,94.0,'2009-2010-02','正常',''),(213,6,14,9,63.0,'2009-2010-02','正常',''),(214,7,14,9,52.0,'2009-2010-02','正常',''),(215,8,14,9,60.0,'2009-2010-02','正常',''),(216,9,14,9,68.0,'2009-2010-02','正常',''),(217,10,14,9,77.0,'2009-2010-02','正常',''),(218,11,14,9,NULL,'2009-2010-02','缺考',''),(219,12,14,9,79.0,'2009-2010-02','正常',''),(220,13,14,9,87.0,'2009-2010-02','正常',''),(221,14,14,9,95.0,'2009-2010-02','正常',''),(222,15,14,9,50.0,'2009-2010-02','正常',''),(223,16,14,9,54.0,'2009-2010-02','正常',''),(224,17,14,9,94.0,'2009-2010-02','正常',''),(225,18,14,9,80.0,'2009-2010-02','正常',''),(226,19,14,9,79.0,'2009-2010-02','正常',''),(227,20,14,9,69.0,'2009-2010-02','正常',''),(228,21,14,9,76.0,'2009-2010-02','正常',''),(229,22,14,9,84.0,'2009-2010-02','正常',''),(230,23,14,9,67.0,'2009-2010-02','正常',''),(231,24,14,9,95.0,'2009-2010-02','正常',''),(232,25,14,9,95.0,'2009-2010-02','正常',''),(233,26,14,9,94.0,'2009-2010-02','正常',''),(234,27,14,9,73.0,'2009-2010-02','正常',''),(235,28,14,9,94.0,'2009-2010-02','正常',''),(236,29,14,9,54.0,'2009-2010-02','正常',''),(237,30,14,9,73.0,'2009-2010-02','正常',''),(238,31,14,9,68.0,'2009-2010-02','正常',''),(239,32,14,9,NULL,'2009-2010-02','缓考','生病住院'),(240,33,14,9,54.0,'2009-2010-02','正常',''),(241,34,14,9,49.0,'2009-2010-02','正常',''),(242,35,14,9,85.0,'2009-2010-02','正常',''),(243,36,14,9,72.0,'2009-2010-02','正常',''),(244,37,14,9,53.0,'2009-2010-02','正常',''),(245,38,14,9,64.0,'2009-2010-02','正常',''),(246,39,14,9,82.0,'2009-2010-02','正常',''),(247,40,14,9,46.0,'2009-2010-02','正常',''),(248,41,14,9,89.0,'2009-2010-02','正常',''),(249,42,14,9,77.0,'2009-2010-02','正常',''),(250,43,14,9,67.0,'2009-2010-02','正常',''),(251,44,14,9,66.0,'2009-2010-02','正常',''),(252,45,14,9,67.0,'2009-2010-02','正常',''),(253,46,14,9,81.0,'2009-2010-02','正常',''),(254,47,14,9,46.0,'2009-2010-02','正常',''),(255,48,14,9,45.0,'2009-2010-02','正常',''),(256,49,14,9,73.0,'2009-2010-02','正常',''),(257,50,14,9,81.0,'2009-2010-02','正常',''),(258,51,14,9,50.0,'2009-2010-02','正常',''),(259,52,14,9,76.0,'2009-2010-02','正常',''),(260,53,14,9,64.0,'2009-2010-02','正常',''),(261,54,14,9,84.0,'2009-2010-02','正常',''),(262,55,14,9,86.0,'2009-2010-02','正常',''),(263,56,14,9,81.0,'2009-2010-02','正常',''),(264,57,14,9,78.0,'2009-2010-02','正常',''),(265,58,14,9,85.0,'2009-2010-02','正常',''),(266,59,14,9,53.0,'2009-2010-02','正常',''),(267,60,14,9,55.0,'2009-2010-02','正常',''),(268,61,14,9,91.0,'2009-2010-02','正常',''),(269,62,14,9,92.0,'2009-2010-02','正常',''),(270,63,14,9,58.0,'2009-2010-02','正常',''),(271,64,14,9,91.0,'2009-2010-02','正常',''),(272,65,14,9,63.0,'2009-2010-02','正常',''),(273,66,14,9,65.0,'2009-2010-02','正常',''),(274,67,14,9,69.0,'2009-2010-02','正常',''),(275,68,14,9,62.0,'2009-2010-02','正常',''),(276,69,14,9,65.0,'2009-2010-02','正常',''),(277,1,5,12,78.0,'2009-2010-02','正常',''),(278,2,5,12,67.0,'2009-2010-02','正常',''),(279,3,5,12,51.0,'2009-2010-02','正常',''),(280,4,5,12,63.0,'2009-2010-02','正常',''),(281,5,5,12,69.0,'2009-2010-02','正常',''),(282,6,5,12,64.0,'2009-2010-02','正常',''),(283,7,5,12,52.0,'2009-2010-02','正常',''),(284,8,5,12,78.0,'2009-2010-02','正常',''),(285,9,5,12,88.0,'2009-2010-02','正常',''),(286,10,5,12,88.0,'2009-2010-02','正常',''),(287,11,5,12,NULL,'2009-2010-02','缺考',''),(288,12,5,12,77.0,'2009-2010-02','正常',''),(289,13,5,12,54.0,'2009-2010-02','正常',''),(290,14,5,12,90.0,'2009-2010-02','正常',''),(291,15,5,12,73.0,'2009-2010-02','正常',''),(292,16,5,12,50.0,'2009-2010-02','正常',''),(293,17,5,12,84.0,'2009-2010-02','正常',''),(294,18,5,12,91.0,'2009-2010-02','正常',''),(295,19,5,12,46.0,'2009-2010-02','正常',''),(296,20,5,12,60.0,'2009-2010-02','正常',''),(297,21,5,12,87.0,'2009-2010-02','正常',''),(298,22,5,12,66.0,'2009-2010-02','正常',''),(299,23,5,12,72.0,'2009-2010-02','正常',''),(300,24,5,12,68.0,'2009-2010-02','正常',''),(301,25,5,12,79.0,'2009-2010-02','正常',''),(302,26,5,12,78.0,'2009-2010-02','正常',''),(303,27,5,12,69.0,'2009-2010-02','正常',''),(304,28,5,12,48.0,'2009-2010-02','正常',''),(305,29,5,12,66.0,'2009-2010-02','正常',''),(306,30,5,12,48.0,'2009-2010-02','正常',''),(307,31,5,12,48.0,'2009-2010-02','正常',''),(308,32,5,12,91.0,'2009-2010-02','正常',''),(309,33,5,12,87.0,'2009-2010-02','正常',''),(310,34,5,12,89.0,'2009-2010-02','正常',''),(311,35,5,12,57.0,'2009-2010-02','正常',''),(312,36,5,12,95.0,'2009-2010-02','正常',''),(313,37,5,12,58.0,'2009-2010-02','正常',''),(314,38,5,12,47.0,'2009-2010-02','正常',''),(315,39,5,12,54.0,'2009-2010-02','正常',''),(316,40,5,12,81.0,'2009-2010-02','正常',''),(317,41,5,12,59.0,'2009-2010-02','正常',''),(318,42,5,12,76.0,'2009-2010-02','正常',''),(319,43,5,12,85.0,'2009-2010-02','正常',''),(320,44,5,12,60.0,'2009-2010-02','正常',''),(321,45,5,12,83.0,'2009-2010-02','正常',''),(322,46,5,12,67.0,'2009-2010-02','正常',''),(323,47,5,12,91.0,'2009-2010-02','正常',''),(324,48,5,12,77.0,'2009-2010-02','正常',''),(325,49,5,12,74.0,'2009-2010-02','正常',''),(326,50,5,12,63.0,'2009-2010-02','正常',''),(327,51,5,12,81.0,'2009-2010-02','正常',''),(328,52,5,12,51.0,'2009-2010-02','正常',''),(329,53,5,12,93.0,'2009-2010-02','正常',''),(330,54,5,12,65.0,'2009-2010-02','正常',''),(331,55,5,12,54.0,'2009-2010-02','正常',''),(332,56,5,12,NULL,'2009-2010-02','违纪','交头接耳'),(333,57,5,12,77.0,'2009-2010-02','正常',''),(334,58,5,12,88.0,'2009-2010-02','正常',''),(335,59,5,12,94.0,'2009-2010-02','正常',''),(336,60,5,12,73.0,'2009-2010-02','正常',''),(337,61,5,12,71.0,'2009-2010-02','正常',''),(338,62,5,12,84.0,'2009-2010-02','正常',''),(339,63,5,12,59.0,'2009-2010-02','正常',''),(340,64,5,12,83.0,'2009-2010-02','正常',''),(341,65,5,12,52.0,'2009-2010-02','正常',''),(342,66,5,12,74.0,'2009-2010-02','正常',''),(343,67,5,12,83.0,'2009-2010-02','正常',''),(344,68,5,12,55.0,'2009-2010-02','正常',''),(345,69,5,12,72.0,'2009-2010-02','正常',''),(346,1,7,13,53.0,'2009-2010-02','正常',''),(347,2,7,13,61.0,'2009-2010-02','正常',''),(348,3,7,13,87.0,'2009-2010-02','正常',''),(349,4,7,13,63.0,'2009-2010-02','正常',''),(350,5,7,13,84.0,'2009-2010-02','正常',''),(351,6,7,13,95.0,'2009-2010-02','正常',''),(352,7,7,13,89.0,'2009-2010-02','正常',''),(353,8,7,13,91.0,'2009-2010-02','正常',''),(354,9,7,13,55.0,'2009-2010-02','正常',''),(355,10,7,13,69.0,'2009-2010-02','正常',''),(356,11,7,13,85.0,'2009-2010-02','正常',''),(357,12,7,13,60.0,'2009-2010-02','正常',''),(358,13,7,13,86.0,'2009-2010-02','正常',''),(359,14,7,13,77.0,'2009-2010-02','正常',''),(360,15,7,13,72.0,'2009-2010-02','正常',''),(361,16,7,13,86.0,'2009-2010-02','正常',''),(362,17,7,13,70.0,'2009-2010-02','正常',''),(363,18,7,13,71.0,'2009-2010-02','正常',''),(364,19,7,13,66.0,'2009-2010-02','正常',''),(365,20,7,13,45.0,'2009-2010-02','正常',''),(366,21,7,13,50.0,'2009-2010-02','正常',''),(367,22,7,13,NULL,'2009-2010-02','作弊','传递答案'),(368,23,7,13,54.0,'2009-2010-02','正常',''),(369,24,7,13,64.0,'2009-2010-02','正常',''),(370,25,7,13,65.0,'2009-2010-02','正常',''),(371,26,7,13,80.0,'2009-2010-02','正常',''),(372,27,7,13,60.0,'2009-2010-02','正常',''),(373,28,7,13,62.0,'2009-2010-02','正常',''),(374,29,7,13,90.0,'2009-2010-02','正常',''),(375,30,7,13,100.0,'2009-2010-02','正常',''),(376,31,7,13,58.0,'2009-2010-02','正常',''),(377,32,7,13,66.0,'2009-2010-02','正常',''),(378,33,7,13,60.0,'2009-2010-02','正常',''),(379,34,7,13,52.0,'2009-2010-02','正常',''),(380,35,7,13,61.0,'2009-2010-02','正常',''),(381,36,7,13,85.0,'2009-2010-02','正常',''),(382,37,7,13,79.0,'2009-2010-02','正常',''),(383,38,7,13,93.0,'2009-2010-02','正常',''),(384,39,7,13,95.0,'2009-2010-02','正常',''),(385,40,7,13,86.0,'2009-2010-02','正常',''),(386,41,7,13,89.0,'2009-2010-02','正常',''),(387,42,7,13,81.0,'2009-2010-02','正常',''),(388,43,7,13,76.0,'2009-2010-02','正常',''),(389,44,7,13,56.0,'2009-2010-02','正常',''),(390,45,7,13,92.0,'2009-2010-02','正常',''),(391,46,7,13,75.0,'2009-2010-02','正常',''),(392,47,7,13,55.0,'2009-2010-02','正常',''),(393,48,7,13,70.0,'2009-2010-02','正常',''),(394,49,7,13,76.0,'2009-2010-02','正常',''),(395,50,7,13,47.0,'2009-2010-02','正常',''),(396,51,7,13,63.0,'2009-2010-02','正常',''),(397,52,7,13,83.0,'2009-2010-02','正常',''),(398,53,7,13,55.0,'2009-2010-02','正常',''),(399,54,7,13,54.0,'2009-2010-02','正常',''),(400,55,7,13,67.0,'2009-2010-02','正常',''),(401,56,7,13,50.0,'2009-2010-02','正常',''),(402,57,7,13,69.0,'2009-2010-02','正常',''),(403,58,7,13,65.0,'2009-2010-02','正常',''),(404,59,7,13,51.0,'2009-2010-02','正常',''),(405,60,7,13,58.0,'2009-2010-02','正常',''),(406,61,7,13,88.0,'2009-2010-02','正常',''),(407,62,7,13,64.0,'2009-2010-02','正常',''),(408,63,7,13,78.0,'2009-2010-02','正常',''),(409,64,7,13,66.0,'2009-2010-02','正常',''),(410,65,7,13,92.0,'2009-2010-02','正常',''),(411,66,7,13,56.0,'2009-2010-02','正常',''),(412,67,7,13,67.0,'2009-2010-02','正常',''),(413,68,7,13,67.0,'2009-2010-02','正常',''),(414,69,7,13,86.0,'2009-2010-02','正常',''),(415,1,8,1,66.0,'2010-2011-01','正常',''),(416,2,8,1,94.0,'2010-2011-01','正常',''),(417,3,8,1,73.0,'2010-2011-01','正常',''),(418,4,8,1,48.0,'2010-2011-01','正常',''),(419,5,8,1,49.0,'2010-2011-01','正常',''),(420,6,8,1,NULL,'2010-2011-01','缺考',''),(421,7,8,1,85.0,'2010-2011-01','正常',''),(422,8,8,1,62.0,'2010-2011-01','正常',''),(423,9,8,1,55.0,'2010-2011-01','正常',''),(424,10,8,1,52.0,'2010-2011-01','正常',''),(425,11,8,1,81.0,'2010-2011-01','正常',''),(426,12,8,1,63.0,'2010-2011-01','正常',''),(427,13,8,1,59.0,'2010-2011-01','正常',''),(428,14,8,1,92.0,'2010-2011-01','正常',''),(429,15,8,1,47.0,'2010-2011-01','正常',''),(430,16,8,1,51.0,'2010-2011-01','正常',''),(431,17,8,1,82.0,'2010-2011-01','正常',''),(432,18,8,1,84.0,'2010-2011-01','正常',''),(433,19,8,1,56.0,'2010-2011-01','正常',''),(434,20,8,1,66.0,'2010-2011-01','正常',''),(435,21,8,1,89.0,'2010-2011-01','正常',''),(436,22,8,1,70.0,'2010-2011-01','正常',''),(437,23,8,1,52.0,'2010-2011-01','正常',''),(438,24,8,1,84.0,'2010-2011-01','正常',''),(439,25,8,1,93.0,'2010-2011-01','正常',''),(440,26,8,1,63.0,'2010-2011-01','正常',''),(441,27,8,1,95.0,'2010-2011-01','正常',''),(442,28,8,1,51.0,'2010-2011-01','正常',''),(443,29,8,1,86.0,'2010-2011-01','正常',''),(444,30,8,1,60.0,'2010-2011-01','正常',''),(445,31,8,1,65.0,'2010-2011-01','正常',''),(446,32,8,1,NULL,'2010-2011-01','作弊','手机查看答案'),(447,33,8,1,60.0,'2010-2011-01','正常',''),(448,34,8,1,55.0,'2010-2011-01','正常',''),(449,35,8,1,52.0,'2010-2011-01','正常',''),(450,36,8,1,56.0,'2010-2011-01','正常',''),(451,37,8,1,59.0,'2010-2011-01','正常',''),(452,38,8,1,56.0,'2010-2011-01','正常',''),(453,39,8,1,73.0,'2010-2011-01','正常',''),(454,40,8,1,82.0,'2010-2011-01','正常',''),(455,41,8,1,57.0,'2010-2011-01','正常',''),(456,42,8,1,95.0,'2010-2011-01','正常',''),(457,43,8,1,84.0,'2010-2011-01','正常',''),(458,44,8,1,82.0,'2010-2011-01','正常',''),(459,45,8,1,89.0,'2010-2011-01','正常',''),(460,46,8,1,77.0,'2010-2011-01','正常',''),(461,47,8,1,76.0,'2010-2011-01','正常',''),(462,48,8,1,50.0,'2010-2011-01','正常',''),(463,49,8,1,46.0,'2010-2011-01','正常',''),(464,50,8,1,54.0,'2010-2011-01','正常',''),(465,51,8,1,82.0,'2010-2011-01','正常',''),(466,52,8,1,95.0,'2010-2011-01','正常',''),(467,53,8,1,72.0,'2010-2011-01','正常',''),(468,54,8,1,50.0,'2010-2011-01','正常',''),(469,55,8,1,94.0,'2010-2011-01','正常',''),(470,56,8,1,69.0,'2010-2011-01','正常',''),(471,57,8,1,63.0,'2010-2011-01','正常',''),(472,58,8,1,73.0,'2010-2011-01','正常',''),(473,59,8,1,58.0,'2010-2011-01','正常',''),(474,60,8,1,51.0,'2010-2011-01','正常',''),(475,61,8,1,48.0,'2010-2011-01','正常',''),(476,62,8,1,87.0,'2010-2011-01','正常',''),(477,63,8,1,69.0,'2010-2011-01','正常',''),(478,64,8,1,89.0,'2010-2011-01','正常',''),(479,65,8,1,82.0,'2010-2011-01','正常',''),(480,66,8,1,65.0,'2010-2011-01','正常',''),(481,67,8,1,92.0,'2010-2011-01','正常',''),(482,68,8,1,62.0,'2010-2011-01','正常',''),(483,69,8,1,62.0,'2010-2011-01','正常',''),(484,1,9,2,63.0,'2010-2011-01','正常',''),(485,2,9,2,87.0,'2010-2011-01','正常',''),(486,3,9,2,88.0,'2010-2011-01','正常',''),(487,4,9,2,58.0,'2010-2011-01','正常',''),(488,5,9,2,84.0,'2010-2011-01','正常',''),(489,6,9,2,59.0,'2010-2011-01','正常',''),(490,7,9,2,68.0,'2010-2011-01','正常',''),(491,8,9,2,65.0,'2010-2011-01','正常',''),(492,9,9,2,NULL,'2010-2011-01','缺考',''),(493,10,9,2,60.0,'2010-2011-01','正常',''),(494,11,9,2,72.0,'2010-2011-01','正常',''),(495,12,9,2,91.0,'2010-2011-01','正常',''),(496,13,9,2,65.0,'2010-2011-01','正常',''),(497,14,9,2,56.0,'2010-2011-01','正常',''),(498,15,9,2,71.0,'2010-2011-01','正常',''),(499,16,9,2,50.0,'2010-2011-01','正常',''),(500,17,9,2,57.0,'2010-2011-01','正常',''),(501,18,9,2,NULL,'2010-2011-01','免考','已修过该课程'),(502,19,9,2,84.0,'2010-2011-01','正常',''),(503,20,9,2,59.0,'2010-2011-01','正常',''),(504,21,9,2,79.0,'2010-2011-01','正常',''),(505,22,9,2,59.0,'2010-2011-01','正常',''),(506,23,9,2,86.0,'2010-2011-01','正常',''),(507,24,9,2,65.0,'2010-2011-01','正常',''),(508,25,9,2,92.0,'2010-2011-01','正常',''),(509,26,9,2,55.0,'2010-2011-01','正常',''),(510,27,9,2,61.0,'2010-2011-01','正常',''),(511,28,9,2,86.0,'2010-2011-01','正常',''),(512,29,9,2,93.0,'2010-2011-01','正常',''),(513,30,9,2,85.0,'2010-2011-01','正常',''),(514,31,9,2,48.0,'2010-2011-01','正常',''),(515,32,9,2,73.0,'2010-2011-01','正常',''),(516,33,9,2,90.0,'2010-2011-01','正常',''),(517,34,9,2,69.0,'2010-2011-01','正常',''),(518,35,9,2,48.0,'2010-2011-01','正常',''),(519,36,9,2,59.0,'2010-2011-01','正常',''),(520,37,9,2,95.0,'2010-2011-01','正常',''),(521,38,9,2,94.0,'2010-2011-01','正常',''),(522,39,9,2,57.0,'2010-2011-01','正常',''),(523,40,9,2,45.0,'2010-2011-01','正常',''),(524,41,9,2,47.0,'2010-2011-01','正常',''),(525,42,9,2,NULL,'2010-2011-01','作弊','夹带抄答案被发现'),(526,43,9,2,94.0,'2010-2011-01','正常',''),(527,44,9,2,89.0,'2010-2011-01','正常',''),(528,45,9,2,89.0,'2010-2011-01','正常',''),(529,46,9,2,47.0,'2010-2011-01','正常',''),(530,47,9,2,69.0,'2010-2011-01','正常',''),(531,48,9,2,65.0,'2010-2011-01','正常',''),(532,49,9,2,74.0,'2010-2011-01','正常',''),(533,50,9,2,NULL,'2010-2011-01','违纪','夹带资料'),(534,51,9,2,92.0,'2010-2011-01','正常',''),(535,52,9,2,74.0,'2010-2011-01','正常',''),(536,53,9,2,64.0,'2010-2011-01','正常',''),(537,54,9,2,46.0,'2010-2011-01','正常',''),(538,55,9,2,72.0,'2010-2011-01','正常',''),(539,56,9,2,85.0,'2010-2011-01','正常',''),(540,57,9,2,66.0,'2010-2011-01','正常',''),(541,58,9,2,65.0,'2010-2011-01','正常',''),(542,59,9,2,48.0,'2010-2011-01','正常',''),(543,60,9,2,49.0,'2010-2011-01','正常',''),(544,61,9,2,71.0,'2010-2011-01','正常',''),(545,62,9,2,60.0,'2010-2011-01','正常',''),(546,63,9,2,64.0,'2010-2011-01','正常',''),(547,64,9,2,54.0,'2010-2011-01','正常',''),(548,65,9,2,57.0,'2010-2011-01','正常',''),(549,66,9,2,68.0,'2010-2011-01','正常',''),(550,67,9,2,93.0,'2010-2011-01','正常',''),(551,68,9,2,53.0,'2010-2011-01','正常',''),(552,69,9,2,67.0,'2010-2011-01','正常',''),(553,1,1,4,59.0,'2010-2011-01','正常',''),(554,2,1,4,80.0,'2010-2011-01','正常',''),(555,3,1,4,46.0,'2010-2011-01','正常',''),(556,4,1,4,52.0,'2010-2011-01','正常',''),(557,5,1,4,92.0,'2010-2011-01','正常',''),(558,6,1,4,70.0,'2010-2011-01','正常',''),(559,7,1,4,81.0,'2010-2011-01','正常',''),(560,8,1,4,67.0,'2010-2011-01','正常',''),(561,9,1,4,50.0,'2010-2011-01','正常',''),(562,10,1,4,75.0,'2010-2011-01','正常',''),(563,11,1,4,83.0,'2010-2011-01','正常',''),(564,12,1,4,82.0,'2010-2011-01','正常',''),(565,13,1,4,56.0,'2010-2011-01','正常',''),(566,14,1,4,66.0,'2010-2011-01','正常',''),(567,15,1,4,71.0,'2010-2011-01','正常',''),(568,16,1,4,86.0,'2010-2011-01','正常',''),(569,17,1,4,64.0,'2010-2011-01','正常',''),(570,18,1,4,64.0,'2010-2011-01','正常',''),(571,19,1,4,58.0,'2010-2011-01','正常',''),(572,20,1,4,94.0,'2010-2011-01','正常',''),(573,21,1,4,76.0,'2010-2011-01','正常',''),(574,22,1,4,NULL,'2010-2011-01','免考','已修过该课程'),(575,23,1,4,100.0,'2010-2011-01','正常',''),(576,24,1,4,82.0,'2010-2011-01','正常',''),(577,25,1,4,88.0,'2010-2011-01','正常',''),(578,26,1,4,56.0,'2010-2011-01','正常',''),(579,27,1,4,60.0,'2010-2011-01','正常',''),(580,28,1,4,56.0,'2010-2011-01','正常',''),(581,29,1,4,61.0,'2010-2011-01','正常',''),(582,30,1,4,72.0,'2010-2011-01','正常',''),(583,31,1,4,76.0,'2010-2011-01','正常',''),(584,32,1,4,92.0,'2010-2011-01','正常',''),(585,33,1,4,95.0,'2010-2011-01','正常',''),(586,34,1,4,89.0,'2010-2011-01','正常',''),(587,35,1,4,46.0,'2010-2011-01','正常',''),(588,36,1,4,77.0,'2010-2011-01','正常',''),(589,37,1,4,93.0,'2010-2011-01','正常',''),(590,38,1,4,71.0,'2010-2011-01','正常',''),(591,39,1,4,47.0,'2010-2011-01','正常',''),(592,40,1,4,75.0,'2010-2011-01','正常',''),(593,41,1,4,NULL,'2010-2011-01','缓考','家中急事'),(594,42,1,4,78.0,'2010-2011-01','正常',''),(595,43,1,4,54.0,'2010-2011-01','正常',''),(596,44,1,4,53.0,'2010-2011-01','正常',''),(597,45,1,4,95.0,'2010-2011-01','正常',''),(598,46,1,4,89.0,'2010-2011-01','正常',''),(599,47,1,4,73.0,'2010-2011-01','正常',''),(600,48,1,4,69.0,'2010-2011-01','正常',''),(601,49,1,4,60.0,'2010-2011-01','正常',''),(602,50,1,4,65.0,'2010-2011-01','正常',''),(603,51,1,4,85.0,'2010-2011-01','正常',''),(604,52,1,4,46.0,'2010-2011-01','正常',''),(605,53,1,4,57.0,'2010-2011-01','正常',''),(606,54,1,4,46.0,'2010-2011-01','正常',''),(607,55,1,4,82.0,'2010-2011-01','正常',''),(608,56,1,4,83.0,'2010-2011-01','正常',''),(609,57,1,4,90.0,'2010-2011-01','正常',''),(610,58,1,4,80.0,'2010-2011-01','正常',''),(611,59,1,4,63.0,'2010-2011-01','正常',''),(612,60,1,4,49.0,'2010-2011-01','正常',''),(613,61,1,4,91.0,'2010-2011-01','正常',''),(614,62,1,4,70.0,'2010-2011-01','正常',''),(615,63,1,4,48.0,'2010-2011-01','正常',''),(616,64,1,4,50.0,'2010-2011-01','正常',''),(617,65,1,4,67.0,'2010-2011-01','正常',''),(618,66,1,4,47.0,'2010-2011-01','正常',''),(619,67,1,4,48.0,'2010-2011-01','正常',''),(620,68,1,4,55.0,'2010-2011-01','正常',''),(621,69,1,4,51.0,'2010-2011-01','正常',''),(622,1,1,5,93.0,'2010-2011-01','正常',''),(623,2,1,5,74.0,'2010-2011-01','正常',''),(624,3,1,5,52.0,'2010-2011-01','正常',''),(625,4,1,5,50.0,'2010-2011-01','正常',''),(626,5,1,5,58.0,'2010-2011-01','正常',''),(627,6,1,5,66.0,'2010-2011-01','正常',''),(628,7,1,5,67.0,'2010-2011-01','正常',''),(629,8,1,5,76.0,'2010-2011-01','正常',''),(630,9,1,5,59.0,'2010-2011-01','正常',''),(631,10,1,5,56.0,'2010-2011-01','正常',''),(632,11,1,5,70.0,'2010-2011-01','正常',''),(633,12,1,5,88.0,'2010-2011-01','正常',''),(634,13,1,5,45.0,'2010-2011-01','正常',''),(635,14,1,5,68.0,'2010-2011-01','正常',''),(636,15,1,5,76.0,'2010-2011-01','正常',''),(637,16,1,5,NULL,'2010-2011-01','免考','已修过该课程'),(638,17,1,5,86.0,'2010-2011-01','正常',''),(639,18,1,5,88.0,'2010-2011-01','正常',''),(640,19,1,5,57.0,'2010-2011-01','正常',''),(641,20,1,5,71.0,'2010-2011-01','正常',''),(642,21,1,5,65.0,'2010-2011-01','正常',''),(643,22,1,5,70.0,'2010-2011-01','正常',''),(644,23,1,5,89.0,'2010-2011-01','正常',''),(645,24,1,5,52.0,'2010-2011-01','正常',''),(646,25,1,5,90.0,'2010-2011-01','正常',''),(647,26,1,5,81.0,'2010-2011-01','正常',''),(648,27,1,5,57.0,'2010-2011-01','正常',''),(649,28,1,5,53.0,'2010-2011-01','正常',''),(650,29,1,5,90.0,'2010-2011-01','正常',''),(651,30,1,5,77.0,'2010-2011-01','正常',''),(652,31,1,5,92.0,'2010-2011-01','正常',''),(653,32,1,5,NULL,'2010-2011-01','缓考','生病住院'),(654,33,1,5,74.0,'2010-2011-01','正常',''),(655,34,1,5,81.0,'2010-2011-01','正常',''),(656,35,1,5,61.0,'2010-2011-01','正常',''),(657,36,1,5,100.0,'2010-2011-01','正常',''),(658,37,1,5,49.0,'2010-2011-01','正常',''),(659,38,1,5,59.0,'2010-2011-01','正常',''),(660,39,1,5,74.0,'2010-2011-01','正常',''),(661,40,1,5,55.0,'2010-2011-01','正常',''),(662,41,1,5,69.0,'2010-2011-01','正常',''),(663,42,1,5,91.0,'2010-2011-01','正常',''),(664,43,1,5,48.0,'2010-2011-01','正常',''),(665,44,1,5,94.0,'2010-2011-01','正常',''),(666,45,1,5,56.0,'2010-2011-01','正常',''),(667,46,1,5,95.0,'2010-2011-01','正常',''),(668,47,1,5,79.0,'2010-2011-01','正常',''),(669,48,1,5,73.0,'2010-2011-01','正常',''),(670,49,1,5,59.0,'2010-2011-01','正常',''),(671,50,1,5,70.0,'2010-2011-01','正常',''),(672,51,1,5,54.0,'2010-2011-01','正常',''),(673,52,1,5,95.0,'2010-2011-01','正常',''),(674,53,1,5,76.0,'2010-2011-01','正常',''),(675,54,1,5,47.0,'2010-2011-01','正常',''),(676,55,1,5,89.0,'2010-2011-01','正常',''),(677,56,1,5,49.0,'2010-2011-01','正常',''),(678,57,1,5,64.0,'2010-2011-01','正常',''),(679,58,1,5,72.0,'2010-2011-01','正常',''),(680,59,1,5,83.0,'2010-2011-01','正常',''),(681,60,1,5,86.0,'2010-2011-01','正常',''),(682,61,1,5,73.0,'2010-2011-01','正常',''),(683,62,1,5,83.0,'2010-2011-01','正常',''),(684,63,1,5,62.0,'2010-2011-01','正常',''),(685,64,1,5,50.0,'2010-2011-01','正常',''),(686,65,1,5,66.0,'2010-2011-01','正常',''),(687,66,1,5,64.0,'2010-2011-01','正常',''),(688,67,1,5,77.0,'2010-2011-01','正常',''),(689,68,1,5,54.0,'2010-2011-01','正常',''),(690,69,1,5,49.0,'2010-2011-01','正常',''),(691,1,2,6,79.0,'2010-2011-01','正常',''),(692,2,2,6,56.0,'2010-2011-01','正常',''),(693,3,2,6,60.0,'2010-2011-01','正常',''),(694,4,2,6,48.0,'2010-2011-01','正常',''),(695,5,2,6,70.0,'2010-2011-01','正常',''),(696,6,2,6,78.0,'2010-2011-01','正常',''),(697,7,2,6,58.0,'2010-2011-01','正常',''),(698,8,2,6,63.0,'2010-2011-01','正常',''),(699,9,2,6,81.0,'2010-2011-01','正常',''),(700,10,2,6,61.0,'2010-2011-01','正常',''),(701,11,2,6,89.0,'2010-2011-01','正常',''),(702,12,2,6,49.0,'2010-2011-01','正常',''),(703,13,2,6,87.0,'2010-2011-01','正常',''),(704,14,2,6,48.0,'2010-2011-01','正常',''),(705,15,2,6,94.0,'2010-2011-01','正常',''),(706,16,2,6,91.0,'2010-2011-01','正常',''),(707,17,2,6,54.0,'2010-2011-01','正常',''),(708,18,2,6,81.0,'2010-2011-01','正常',''),(709,19,2,6,56.0,'2010-2011-01','正常',''),(710,20,2,6,56.0,'2010-2011-01','正常',''),(711,21,2,6,66.0,'2010-2011-01','正常',''),(712,22,2,6,65.0,'2010-2011-01','正常',''),(713,23,2,6,50.0,'2010-2011-01','正常',''),(714,24,2,6,76.0,'2010-2011-01','正常',''),(715,25,2,6,92.0,'2010-2011-01','正常',''),(716,26,2,6,54.0,'2010-2011-01','正常',''),(717,27,2,6,55.0,'2010-2011-01','正常',''),(718,28,2,6,57.0,'2010-2011-01','正常',''),(719,29,2,6,89.0,'2010-2011-01','正常',''),(720,30,2,6,60.0,'2010-2011-01','正常',''),(721,31,2,6,58.0,'2010-2011-01','正常',''),(722,32,2,6,52.0,'2010-2011-01','正常',''),(723,33,2,6,65.0,'2010-2011-01','正常',''),(724,34,2,6,89.0,'2010-2011-01','正常',''),(725,35,2,6,67.0,'2010-2011-01','正常',''),(726,36,2,6,NULL,'2010-2011-01','缺考',''),(727,37,2,6,70.0,'2010-2011-01','正常',''),(728,38,2,6,79.0,'2010-2011-01','正常',''),(729,39,2,6,63.0,'2010-2011-01','正常',''),(730,40,2,6,77.0,'2010-2011-01','正常',''),(731,41,2,6,68.0,'2010-2011-01','正常',''),(732,42,2,6,63.0,'2010-2011-01','正常',''),(733,43,2,6,49.0,'2010-2011-01','正常',''),(734,44,2,6,48.0,'2010-2011-01','正常',''),(735,45,2,6,94.0,'2010-2011-01','正常',''),(736,46,2,6,95.0,'2010-2011-01','正常',''),(737,47,2,6,NULL,'2010-2011-01','缓考',''),(738,48,2,6,50.0,'2010-2011-01','正常',''),(739,49,2,6,56.0,'2010-2011-01','正常',''),(740,50,2,6,54.0,'2010-2011-01','正常',''),(741,51,2,6,60.0,'2010-2011-01','正常',''),(742,52,2,6,60.0,'2010-2011-01','正常',''),(743,53,2,6,77.0,'2010-2011-01','正常',''),(744,54,2,6,71.0,'2010-2011-01','正常',''),(745,55,2,6,94.0,'2010-2011-01','正常',''),(746,56,2,6,79.0,'2010-2011-01','正常',''),(747,57,2,6,55.0,'2010-2011-01','正常',''),(748,58,2,6,67.0,'2010-2011-01','正常',''),(749,59,2,6,51.0,'2010-2011-01','正常',''),(750,60,2,6,62.0,'2010-2011-01','正常',''),(751,61,2,6,72.0,'2010-2011-01','正常',''),(752,62,2,6,83.0,'2010-2011-01','正常',''),(753,63,2,6,92.0,'2010-2011-01','正常',''),(754,64,2,6,63.0,'2010-2011-01','正常',''),(755,65,2,6,67.0,'2010-2011-01','正常',''),(756,66,2,6,55.0,'2010-2011-01','正常',''),(757,67,2,6,64.0,'2010-2011-01','正常',''),(758,68,2,6,54.0,'2010-2011-01','正常',''),(759,69,2,6,53.0,'2010-2011-01','正常','');
/*!40000 ALTER TABLE `score` ENABLE KEYS */;
UNLOCK TABLES;

--
-- Table structure for table `student`
--

DROP TABLE IF EXISTS `student`;
/*!40101 SET @saved_cs_client     = @@character_set_client */;
/*!40101 SET character_set_client = utf8 */;
CREATE TABLE `student` (
  `id` int(11) NOT NULL AUTO_INCREMENT COMMENT '编号',
  `sequence` char(12) NOT NULL COMMENT '学号',
  `name` varchar(10) DEFAULT NULL COMMENT '姓名',
  `gender` char(1) DEFAULT '男' COMMENT '性别',
  `birthday` date DEFAULT NULL COMMENT '出生日期',
  `card` char(18) DEFAULT NULL COMMENT '证件号',
  `nation` varchar(10) DEFAULT '汉族' COMMENT '民族',
  `nativePlace` varchar(20) DEFAULT NULL COMMENT '籍贯',
  `political` char(20) DEFAULT '群众' COMMENT '政治面貌：群众；团员；党员',
  `userId` int(11) DEFAULT NULL COMMENT '登录ID：对应user表的ID',
  PRIMARY KEY (`id`)
) ENGINE=InnoDB AUTO_INCREMENT=70 DEFAULT CHARSET=utf8 COMMENT='学生信息表（基本表）';
/*!40101 SET character_set_client = @saved_cs_client */;

--
-- Dumping data for table `student`
--

LOCK TABLES `student` WRITE;
/*!40000 ALTER TABLE `student` DISABLE KEYS */;
INSERT INTO `student` VALUES (1,'20070001020','张华权','男','1998-05-20','340824199805203811','汉族','吉林省','共青团员',1),(2,'20070001081','李平飞','男','1998-08-26','340824199808264820','汉族','山西省','群众',2),(3,'20070001082','王子建','男','1998-10-15','34082419981015281X','汉族','黑龙江省','共青团员',3),(4,'20070001091','陈圆圆','女','1999-02-15','340881199902151328','汉族','黑龙江省','中共党员',4),(5,'20070001094','李明祖','男','1999-09-10','341125199909102002','汉族','天津市','群众',5),(6,'20070002067','张大林','男','1998-01-29','341126199801295320','汉族','天津市','群众',6),(7,'20070002062','黄振宇','男','1997-09-16','341203199709160029','回族','宁夏回族自治区','群众',7),(8,'20070002069','张艳','女','1999-01-28','34122119990128178X','汉族','江苏省','中共党员',8),(9,'20070003042','章蕾','女','1999-12-28','341222199912289417','汉族','上海市','共青团员',9),(10,'20070003041','刘勇','男','1997-03-23','342221199703237826','汉族','福建省','群众',10),(11,'20070003044','白诗诗','女','1997-10-05','342221199710054518','回族','宁夏回族自治区','中共党员',11),(12,'20070003050','杨明辉','男','1996-10-10','342222199610105230','汉族','福建省','共青团员',12),(13,'20100203227','毛哲圣','男','1999-09-18','210882199909183936','汉族','山西省','共青团员',13),(14,'20100101609','陈笑云','女','1999-11-24','320681199911247220','回族','宁夏回族自治区','群众',14),(15,'20100102079','梁雅婷','女','1999-10-19','33038219991019697X','汉族','河北省','中共党员',15),(16,'20100102503','汪家明','男','1999-10-30','330721199910304415','汉族','辽宁省','群众',16),(17,'20100102636','朱晓庆','女','1998-11-21','33078119981121367X','汉族','吉林省','群众',17),(18,'20100102832','郭荣彬','男','1999-04-03','330781199904031111','维吾尔族','新疆维吾尔自治区','群众',18),(19,'20100102957','廖郁','女','1998-05-10','340121199805104904','汉族','吉林省','中共党员',19),(20,'20100103008','刘秋平','男','1999-02-05','340222199902055026','汉族','山西省','共青团员',20),(21,'20100103079','赖锦波','女','1998-05-12','340802199805120217','汉族','黑龙江省','群众',21),(22,'20100104029','喻宜航','男','1998-08-02','340803199808022678','藏族','西藏自治区','中共党员',22),(23,'20100104524','吴贤男','女','1999-09-09','340811199909095315','汉族','黑龙江省','共青团员',23),(24,'20100104692','江雪','女','1996-04-25','34082419960425601X','汉族','天津市','中国民主同盟',24),(25,'20100200021','樊称茹','女','1998-09-14','342224199809140036','汉族','天津市','群众',25),(26,'20100201550','周佳勇','男','1997-01-04','342401199701043468','回族','宁夏回族自治区','九三学社',26),(27,'20100202148','赖晓瑜','女','1998-12-24','342401199812245273','汉族','江苏省','群众',27),(28,'20100202770','陈科海','男','1998-11-04','342623199811048816','汉族','上海市','共青团员',28),(29,'20100203161','罗斌','男','1998-09-22','34292119980922372X','汉族','福建省','中共党员',29),(30,'20100203544','宋志明','女','1999-02-28','350181199902281935','回族','宁夏回族自治区','中共党员',30),(31,'20100203971','裴全松','男','1997-12-19','352203199712195911','汉族','福建省','九三学社',31),(32,'20100205052','齐天宇','女','1999-05-27','360101199905276015','汉族','山西省','共青团员',32),(33,'20100100011','姚凯元','男','1999-09-21','360101199909216028','回族','宁夏回族自治区','群众',33),(34,'20100102085','晏湘情','女','1998-05-06','360102199805063326','汉族','河北省','群众',34),(35,'20100102251','伍梦铃','女','1999-03-23','360102199903231223','汉族','辽宁省','群众',35),(36,'20100102345','张伊敏','女','1999-08-20','360102199908206334','汉族','吉林省','中共党员',36),(37,'20100102490','何涛','男','1999-08-30','360102199908306319','维吾尔族','新疆维吾尔自治区','共青团员',37),(38,'20100103086','吴瑶','女','1998-11-15','360103199811155418','汉族','吉林省','群众',38),(39,'20100103287','叶青','女','1999-01-08','360103199901085417','汉族','山西省','中共党员',39),(40,'20100200550','朐敏萱','女','1999-07-11','36010319990711221X','汉族','黑龙江省','共青团员',40),(41,'20100200729','雷周','男','1999-07-20','360103199907201220','藏族','西藏自治区','共青团员',41),(42,'20100201304','李鑫','女','1999-08-05','360103199908050049','汉族','黑龙江省','群众',42),(43,'20100100033','卢田天','男','1999-11-07','36010319991107472X','汉族','天津市','中共党员',43),(44,'20100100034','庄红雅','女','1998-12-21','36010419981221042X','汉族','天津市','群众',44),(45,'20100100035','杨超','男','1999-05-09','36010419990509101X','回族','宁夏回族自治区','共青团员',45),(46,'20100100036','宋苏苏','女','1999-08-23','360104199908230425','汉族','江苏省','中共党员',46),(47,'20100100037','杨霄','女','1997-06-10','360111199706100925','汉族','上海市','中国民主同盟',47),(48,'20100100038','姚菲菲','女','1998-01-30','360111199801306534','汉族','福建省','九三学社',48),(49,'20100100040','何如燕','女','1997-08-15','360121199708151438','回族','宁夏回族自治区','共青团员',49),(50,'20100100041','孙露娜','女','1997-11-03','360121199711036422','汉族','福建省','群众',50),(51,'20100100042','王小丽','女','1998-01-03','360121199801035837','汉族','山西省','群众',51),(52,'20100100044','徐诗雨','女','1998-04-28','360121199804287220','回族','宁夏回族自治区','群众',52),(53,'20100100045','王童新','男','1998-06-24','360121199806240557','汉族','河北省','中共党员',53),(54,'20100100046','于鸿成','男','1998-07-22','36012119980722003X','汉族','辽宁省','共青团员',54),(55,'20100100047','周美雪','女','1998-11-29','360121199811292431','汉族','吉林省','群众',55),(56,'20100100048','吕兴悦','男','1998-12-22','360121199812225812','维吾尔族','新疆维吾尔自治区','中共党员',56),(57,'20100100049','俞杭逸','女','1999-01-15','360121199901156927','汉族','吉林省','共青团员',57),(58,'20100100050','何康峰','男','1999-02-03','36012119990203872X','汉族','山西省','共青团员',58),(59,'20100100051','韦诗悦','男','1999-02-18','360121199902181964','汉族','黑龙江省','群众',59),(60,'20100100053','陈梦随','女','1999-03-10','360121199903106130','藏族','西藏自治区','中共党员',60),(61,'20100100054','张菲菲','女','1999-06-05','360121199906053521','汉族','黑龙江省','群众',61),(62,'20100100055','龚晓玲','女','1999-06-13','360121199906133142','汉族','天津市','共青团员',62),(63,'20100100056','蒋佳媛','女','1999-08-03','360121199908036119','汉族','天津市','中共党员',63),(64,'20100100057','郑佩玲','女','1999-10-09','36012119991009553X','回族','宁夏回族自治区','中共党员',64),(65,'20100100062','李和旭','男','1999-10-13','360121199910134914','汉族','江苏省','群众',65),(66,'20100100063','夏樱樱','女','2000-01-03','360121200001036917','汉族','上海市','共青团员',66),(67,'20100100064','董晓宏','男','1997-01-24','360122199701241242','汉族','福建省','中共党员',67),(68,'20100100065','丁思康','男','1997-11-02','36012219971102097X','回族','宁夏回族自治区','中国民主同盟',68),(69,'20100100066','张静静','女','1998-01-22','360122199801220916','汉族','福建省','共青团员',69);
/*!40000 ALTER TABLE `student` ENABLE KEYS */;
UNLOCK TABLES;

--
-- Table structure for table `teacher`
--

DROP TABLE IF EXISTS `teacher`;
/*!40101 SET @saved_cs_client     = @@character_set_client */;
/*!40101 SET character_set_client = utf8 */;
CREATE TABLE `teacher` (
  `id` int(11) NOT NULL AUTO_INCREMENT COMMENT '编号',
  `sequence` char(5) NOT NULL COMMENT '工号',
  `name` varchar(10) DEFAULT NULL COMMENT '姓名',
  `gender` char(1) DEFAULT '男' COMMENT '性别',
  `birthday` date DEFAULT NULL COMMENT '出生日期',
  `card` varchar(18) DEFAULT NULL COMMENT '证件号',
  `political` varchar(10) DEFAULT '汉族' COMMENT '民族',
  `nation` varchar(20) DEFAULT NULL COMMENT '籍贯',
  `nativePlace` char(20) DEFAULT '群众' COMMENT '政治面貌:群众;团员;党员',
  `userId` int(11) DEFAULT NULL COMMENT '登录ID：对应user表的ID',
  PRIMARY KEY (`id`),
  KEY `birthday_sex` (`birthday`,`gender`)
) ENGINE=InnoDB AUTO_INCREMENT=15 DEFAULT CHARSET=utf8 COMMENT='教师信息表（基本表）';
/*!40101 SET character_set_client = @saved_cs_client */;

--
-- Dumping data for table `teacher`
--

LOCK TABLES `teacher` WRITE;
/*!40000 ALTER TABLE `teacher` DISABLE KEYS */;
INSERT INTO `teacher` VALUES (1,'14011','杨启华','女','1992-06-12','130203199005212012','共青团员','汉族','山西',70),(2,'14012','林佳颖','女','1989-11-24','140423198908031226','无党派民主人士','回族','宁夏',71),(3,'14013','胡月天','女','1983-11-05','150021198711052024','中共党员','汉族','河北',72),(4,'14021','吴镇森','男','1992-05-21','150104199111010913','无党派民主人士','汉族','辽宁',73),(5,'14022','文嘉豪','男','1991-03-24','220021198604190728','共青团员','汉族','吉林',74),(6,'14031','高晓丽','女','1988-02-27','220321198802273513','中共党员','维吾尔族','新疆',75),(7,'14032','彭华伦','男','1990-10-01','250106198704101237','中共党员','汉族','吉林',76),(8,'14041','范天宇','男','1989-08-03','350202199111011554','无党派民主人士','汉族','山西',77),(9,'14042','刘云龙','男','1981-04-10','350262199103241425','共青团员','汉族','黑龙',78),(10,'14043','冯菲菲','女','1996-04-23','360001199204230012','无党派民主人士','藏族','西藏',79),(11,'14051','张晓艳','女','1992-09-24','360002199006121234','中共党员','汉族','黑龙',80),(12,'14052','李牧之','男','1989-12-31','360002199009241020','无党派民主人士','汉族','天津',81),(13,'14053','金香玉','女','1991-11-01','360003198912241012','无党派民主人士','汉族','天津',82),(14,'14061','申屠刚','男','1976-04-19','360023198912316026','无党派民主人士','回族','宁夏',83);
/*!40000 ALTER TABLE `teacher` ENABLE KEYS */;
UNLOCK TABLES;

--
-- Table structure for table `user`
--

DROP TABLE IF EXISTS `user`;
/*!40101 SET @saved_cs_client     = @@character_set_client */;
/*!40101 SET character_set_client = utf8 */;
CREATE TABLE `user` (
  `id` int(11) NOT NULL AUTO_INCREMENT COMMENT '编号',
  `userName` char(12) DEFAULT NULL COMMENT '账号(冗余字段，方便登录验证)',
  `nickName` varchar(20) DEFAULT NULL COMMENT '昵称',
  `password` varchar(50) NOT NULL DEFAULT '123456' COMMENT '密码',
  `role` char(3) NOT NULL COMMENT '用户类型：教师、学生、管理员',
  `imgURL` varchar(255) DEFAULT NULL COMMENT '头像',
  PRIMARY KEY (`id`)
) ENGINE=InnoDB AUTO_INCREMENT=85 DEFAULT CHARSET=utf8 COMMENT='用户登录表（1:1关联表）';
/*!40101 SET character_set_client = @saved_cs_client */;

--
-- Dumping data for table `user`
--

LOCK TABLES `user` WRITE;
/*!40000 ALTER TABLE `user` DISABLE KEYS */;
INSERT INTO `user` VALUES (1,'20070001020','张华权','123456','学生','/mvcDemo/res/img/users/20070001020.png'),(2,'20070001081','李平飞','123456','学生','/mvcDemo/res/img/users/20070001081.png'),(3,'20070001082','王子建','123456','学生','/mvcDemo/res/img/users/20070001082.png'),(4,'20070001091','陈圆圆','123456','学生','/mvcDemo/res/img/users/20070001091.png'),(5,'20070001094','李明祖','123456','学生','/mvcDemo/res/img/users/20070001094.png'),(6,'20070002067','张大林','123456','学生','/mvcDemo/res/img/users/20070002067.png'),(7,'20070002062','黄振宇','123456','学生','/mvcDemo/res/img/users/20070002062.png'),(8,'20070002069','张艳','123456','学生','/mvcDemo/res/img/users/20070002069.png'),(9,'20070003042','章蕾','123456','学生','/mvcDemo/res/img/users/20070003042.png'),(10,'20070003041','刘勇','123456','学生','/mvcDemo/res/img/users/20070003041.png'),(11,'20070003044','白诗诗','123456','学生','/mvcDemo/res/img/users/20070003044.png'),(12,'20070003050','杨明辉','123456','学生','/mvcDemo/res/img/users/20070003050.png'),(13,'20100203227','毛哲圣','123456','学生','/mvcDemo/res/img/users/20100203227.png'),(14,'20100101609','陈笑云','123456','学生','/mvcDemo/res/img/users/20100101609.png'),(15,'20100102079','梁雅婷','123456','学生','/mvcDemo/res/img/users/20100102079.png'),(16,'20100102503','汪家明','123456','学生','/mvcDemo/res/img/users/20100102503.png'),(17,'20100102636','朱晓庆','123456','学生','/mvcDemo/res/img/users/20100102636.png'),(18,'20100102832','郭荣彬','123456','学生','/mvcDemo/res/img/users/20100102832.png'),(19,'20100102957','廖郁','123456','学生','/mvcDemo/res/img/users/20100102957.png'),(20,'20100103008','刘秋平','123456','学生','/mvcDemo/res/img/users/20100103008.png'),(21,'20100103079','赖锦波','123456','学生','/mvcDemo/res/img/users/20100103079.png'),(22,'20100104029','喻宜航','123456','学生','/mvcDemo/res/img/users/20100104029.png'),(23,'20100104524','吴贤男','123456','学生','/mvcDemo/res/img/users/20100104524.png'),(24,'20100104692','江雪','123456','学生','/mvcDemo/res/img/users/20100104692.png'),(25,'20100200021','樊称茹','123456','学生','/mvcDemo/res/img/users/20100200021.png'),(26,'20100201550','周佳勇','123456','学生','/mvcDemo/res/img/users/20100201550.png'),(27,'20100202148','赖晓瑜','123456','学生','/mvcDemo/res/img/users/20100202148.png'),(28,'20100202770','陈科海','123456','学生','/mvcDemo/res/img/users/20100202770.png'),(29,'20100203161','罗斌','123456','学生','/mvcDemo/res/img/users/20100203161.png'),(30,'20100203544','宋志明','123456','学生','/mvcDemo/res/img/users/20100203544.png'),(31,'20100203971','裴全松','123456','学生','/mvcDemo/res/img/users/20100203971.png'),(32,'20100205052','齐天宇','123456','学生','/mvcDemo/res/img/users/20100205052.png'),(33,'20100100011','姚凯元','123456','学生','/mvcDemo/res/img/users/20100100011.png'),(34,'20100102085','晏湘情','123456','学生','/mvcDemo/res/img/users/20100102085.png'),(35,'20100102251','伍梦铃','123456','学生','/mvcDemo/res/img/users/20100102251.png'),(36,'20100102345','张伊敏','123456','学生','/mvcDemo/res/img/users/20100102345.png'),(37,'20100102490','何涛','123456','学生','/mvcDemo/res/img/users/20100102490.png'),(38,'20100103086','吴瑶','123456','学生','/mvcDemo/res/img/users/20100103086.png'),(39,'20100103287','叶青','123456','学生','/mvcDemo/res/img/users/20100103287.png'),(40,'20100200550','朐敏萱','123456','学生','/mvcDemo/res/img/users/20100200550.png'),(41,'20100200729','雷周','123456','学生','/mvcDemo/res/img/users/20100200729.png'),(42,'20100201304','李鑫','123456','学生','/mvcDemo/res/img/users/20100201304.png'),(43,'20100100033','卢田天','123456','学生','/mvcDemo/res/img/users/20100100033.png'),(44,'20100100034','庄红雅','123456','学生','/mvcDemo/res/img/users/20100100034.png'),(45,'20100100035','杨超','123456','学生','/mvcDemo/res/img/users/20100100035.png'),(46,'20100100036','宋苏苏','123456','学生','/mvcDemo/res/img/users/20100100036.png'),(47,'20100100037','杨霄','123456','学生','/mvcDemo/res/img/users/20100100037.png'),(48,'20100100038','姚李菲','123456','学生','/mvcDemo/res/img/users/20100100038.png'),(49,'20100100040','何如燕','123456','学生','/mvcDemo/res/img/users/20100100040.png'),(50,'20100100041','孙露娜','123456','学生','/mvcDemo/res/img/users/20100100041.png'),(51,'20100100042','王小丽','123456','学生','/mvcDemo/res/img/users/20100100042.png'),(52,'20100100044','徐诗雨','123456','学生','/mvcDemo/res/img/users/20100100044.png'),(53,'20100100045','王童新','123456','学生','/mvcDemo/res/img/users/20100100045.png'),(54,'20100100046','于鸿成','123456','学生','/mvcDemo/res/img/users/20100100046.png'),(55,'20100100047','周美雪','123456','学生','/mvcDemo/res/img/users/20100100047.png'),(56,'20100100048','吕兴悦','123456','学生','/mvcDemo/res/img/users/20100100048.png'),(57,'20100100049','俞杭逸','123456','学生','/mvcDemo/res/img/users/20100100049.png'),(58,'20100100050','何康峰','123456','学生','/mvcDemo/res/img/users/20100100050.png'),(59,'20100100051','韦诗悦','123456','学生','/mvcDemo/res/img/users/20100100051.png'),(60,'20100100053','陈梦随','123456','学生','/mvcDemo/res/img/users/20100100053.png'),(61,'20100100054','张菲菲','123456','学生','/mvcDemo/res/img/users/20100100054.png'),(62,'20100100055','龚晓玲','123456','学生','/mvcDemo/res/img/users/20100100055.png'),(63,'20100100056','蒋佳媛','123456','学生','/mvcDemo/res/img/users/20100100056.png'),(64,'20100100057','郑佩玲','123456','学生','/mvcDemo/res/img/users/20100100057.png'),(65,'20100100062','李和旭','123456','学生','/mvcDemo/res/img/users/20100100062.png'),(66,'20100100063','夏樱樱','123456','学生','/mvcDemo/res/img/users/20100100063.png'),(67,'20100100064','董晓红','123456','学生','/mvcDemo/res/img/users/20100100064.png'),(68,'20100100065','丁思康','123456','学生','/mvcDemo/res/img/users/20100100065.png'),(69,'20100100066','张静静','123456','学生','/mvcDemo/res/img/users/20100100066.png'),(70,'14011','杨启华','123456','教师','/mvcDemo/res/img/users/user-female.png'),(71,'14012','林佳颖','123456','教师','/mvcDemo/res/img/users/user-female.png'),(72,'14013','胡月天','123456','教师','/mvcDemo/res/img/users/user-female.png'),(73,'14021','吴镇森','123456','教师','/mvcDemo/res/img/users/user-male.png'),(74,'14022','文嘉豪','123456','教师','/mvcDemo/res/img/users/user-male.png'),(75,'14031','高晓丽','123456','教师','/mvcDemo/res/img/users/user-female.png'),(76,'14032','彭华伦','123456','教师','/mvcDemo/res/img/users/user-male.png'),(77,'14041','范天宇','123456','教师','/mvcDemo/res/img/users/user-male.png'),(78,'14042','刘云龙','123456','教师','/mvcDemo/res/img/users/user-male.png'),(79,'14043','冯菲菲','123456','教师','/mvcDemo/res/img/users/user-female.png'),(80,'14051','张晓艳','123456','教师','/mvcDemo/res/img/users/user-female.png'),(81,'14052','李牧之','123456','教师','/mvcDemo/res/img/users/user-male.png'),(82,'14053','金香玉','123456','教师','/mvcDemo/res/img/users/user-female.png'),(83,'14061','申屠刚','123456','教师','/mvcDemo/res/img/users/user-male.png'),(84,'admin','管理员','123456','管理员','/mvcDemo/res/img/users/user-male.png');
/*!40000 ALTER TABLE `user` ENABLE KEYS */;
UNLOCK TABLES;
/*!40103 SET TIME_ZONE=@OLD_TIME_ZONE */;

/*!40101 SET SQL_MODE=@OLD_SQL_MODE */;
/*!40014 SET FOREIGN_KEY_CHECKS=@OLD_FOREIGN_KEY_CHECKS */;
/*!40014 SET UNIQUE_CHECKS=@OLD_UNIQUE_CHECKS */;
/*!40101 SET CHARACTER_SET_CLIENT=@OLD_CHARACTER_SET_CLIENT */;
/*!40101 SET CHARACTER_SET_RESULTS=@OLD_CHARACTER_SET_RESULTS */;
/*!40101 SET COLLATION_CONNECTION=@OLD_COLLATION_CONNECTION */;
/*!40111 SET SQL_NOTES=@OLD_SQL_NOTES */;

-- Dump completed on 2023-10-11 16:31:35
